id usuario,tiempo en cola,tiempo de procesamiento,tiempo de solicitud
70e79c09-f8d2-4265-881c-29647a3df92d,2,30,registrar
11de8972-115d-4a6e-815f-34039a7e17bd,1,2,registrar
e172ca39-f478-4d1e-8f2d-fbe5bf940827,12,32,registrar
d40f9ef1-3fd0-4347-b3b6-5fd4ba4fd272,44,10,registrar
ca667972-dd5b-468d-8463-ede929f19126,47,8,registrar
b9dc031f-7e62-4e42-ac7f-2feca33a06f7,32,23,registrar
3bbd6393-f616-47f5-ace0-86e9dd0450eb,1,6,registrar
488ce393-e15a-425d-b26e-eca6267aa6b3,1,16,registrar
d55d0053-1d42-4f18-9460-11b3ac7501d3,12,37,registrar
4a80b0f0-de7e-4eb6-9c8c-7026af908b50,1,10,registrar
e71409ee-f454-4320-b072-56c6e31157b2,2,4,registrar
6cdf4b2f-571e-4958-a5bd-9f8639cd92d7,1,4,registrar
e70f56d7-9fed-4ffa-90a4-756091fb98ce,97,3,registrar
d268f75a-a813-4351-b15c-4777f2a2311b,30,15,registrar
6e437345-5f27-453c-8c68-8e9c2057b875,57,5,registrar
52e3e2a1-4cd9-47d1-ade8-1f27102c80da,52,11,registrar
17a18dd3-0836-4a0a-b1c1-1ba94421a82d,75,11,registrar
2483a181-5f9a-45be-b622-925d73cd5fb5,34,13,registrar
4c15ea23-fff2-4f9c-aab6-97d14db5dc8c,2,10,registrar
cbfc0053-d2de-4b64-8785-22534e0fcf2a,17,6,registrar
2b0faf6f-2240-4789-bdf1-cf0e4d91d050,59,6,registrar
505f10c2-63a5-49d2-b1fa-46be5a46d1b3,0,2,ingresar
86486ca7-b97d-4b33-9f04-d079cca3334b,0,12,registrar
5653d0e0-6671-4407-9194-d2d1d403b29c,2,14,registrar
26055829-3d9c-4470-a93a-6831e887495b,24,8,registrar
3872343b-5328-4299-9412-3be32dc3aef4,31,6,registrar
9b1d38ca-0bd9-4d34-b464-369d15d984d9,1,2,ingresar
56f565a7-7d34-4ea6-a22a-b0fff878e819,2,24,registrar
16b4b322-0cd7-41f4-ae6c-fcd771130c59,1,8,registrar
7942a8c8-b1db-4577-98e9-cba281077392,1,14,registrar
23a63eb7-a229-40f2-bc0c-e86175f85b29,25,2,ingresar
8cde5163-a6c7-4cb9-a80f-ce33812d95bf,1,6,registrar
616efdaf-ec99-4276-99aa-6bdceac6f593,2,6,registrar
1d527fb0-216b-4bae-b3f5-7eef379b7e5e,7,22,ingresar
2a76f1ac-eb5b-4659-8a7c-dd5d6dabc43a,9,31,registrar
513c93c2-1106-41ea-a0e4-6a4229ce839c,8,37,registrar
95f9baf6-ce7d-40cb-a262-865164514ad7,40,30,registrar
d926be96-36ef-4afd-bc39-a90aa1a8abe9,45,68,registrar
f03c5947-b7a4-42f0-9789-13b6518afbc6,10,67,registrar
4c901a7e-694e-47a0-86fb-b0d2a208dbca,5,21,registrar
964d706f-7078-4827-8ace-680a6fcf17c1,0,17,registrar
e3adc80a-93f5-4165-b272-7fb94c65aec3,1,18,registrar
58bb11fc-0111-4268-8dc9-8e29de2f2d37,18,49,registrar
2c95fb35-470f-41d7-87e0-52e020941403,26,34,registrar
462f8f01-36e8-4e5d-a3c4-96bf5423759f,1,21,registrar
527693b0-d1d6-4c13-94f4-e0368d1a9425,1,2,ingresar
f7ee57b9-7be3-4401-9546-fb9df4e74883,1,26,registrar
6f8b049f-bab9-4840-847d-582f035b136f,28,3,ingresar
16df6729-e3a6-4d6d-8016-0690fdca16fb,1,18,registrar
f86a35a9-9bfd-4194-98bd-2ee7a3b25b3e,44,61,registrar
c9a9f295-8787-4fa8-8c1e-e97317dcb027,5,3,ingresar
49f08bfe-c973-4c4b-b958-a89e6304dd94,1,17,registrar
59951419-a62d-4f4c-ba5f-5b2e6b646099,1,2,ingresar
0e6b02d3-3622-4e2c-8000-0b08a73cbe37,4,2,ingresar
1b0fda04-e8b5-4126-b3c9-9e2189cceb7d,6,10,ingresar
57ac37fc-060f-437a-a881-c2ab8fcd9873,16,37,registrar
71e3fd53-26ac-489e-9f74-80462c519453,25,5,ingresar
e10a8449-4e56-4860-a762-d104219cb61f,31,23,ingresar
bf34af99-bb11-4848-88ce-b864029eedff,14,37,registrar
628300a2-e7bc-4b9c-b4ef-e797f5f2f509,1,2,ingresar
67e837cf-fc92-4369-ae0c-d305b6f9c319,19,23,ingresar
5f1ab711-a61b-47cc-a9b0-9417f16bb32d,53,68,registrar
b598b525-b8f9-46fd-82b0-bf31e3bd438a,50,62,registrar
eea0075c-803c-4f86-bfff-a0d7025841bb,2,4,ingresar
0d7c2d7e-3f1d-456f-9298-651da145109a,8,9,ingresar
a1365abe-3ff7-4623-af0e-af8e1261a9d6,22,41,ingresar
208f021e-6030-45fb-af57-6e1529f25d27,38,29,ingresar
62f983ae-60c6-4d82-a857-6b19c1341ea8,0,2,ingresar
4df7c0d5-c608-4efd-bfe4-0d2853c90c23,1,42,registrar
fd74b102-80da-4012-8de8-71b9101f6a9d,67,51,registrar
9644312a-9e8d-4a81-b2ef-87272912642a,28,21,ingresar
01639861-7d48-4587-8536-279ccb314402,3,2,ingresar
0d2f6d22-6dc6-4afc-aa1e-ac068295fe1d,49,76,registrar
29502f9f-085f-4a96-a577-0b0b865e77e1,70,24,ingresar
63c9a44b-34c5-4492-aed2-ce23fb020513,23,29,ingresar
aef862e3-0b98-4453-88cd-a5c80e73cfaf,1,59,registrar
cf8b0691-05d1-487c-91b6-6f223332ea7f,19,2,ingresar
2bb91093-2f09-43b2-af57-fc237847ff86,34,36,registrar
17f8e60d-ed36-4097-befb-536f003d2979,22,60,registrar
225af057-f0b0-4bcc-970e-90cf18c94aa6,1,28,registrar
1363eedc-b808-4d38-898d-c7122b7b41de,24,5,ingresar
23308549-42ac-4060-b346-0280442c2cb7,30,12,ingresar
9cfd2cae-b997-42c2-b548-ff8b55514137,36,5,ingresar
be059c31-127c-40fd-a9a7-576cb69dd7b5,56,18,registrar
7ec27331-8b3b-484f-9640-cd6c0b7e20bd,36,38,registrar
eeacbfda-5704-4905-a10e-9c1ca415f4a6,29,10,ingresar
d930e4e5-70bc-40f9-864d-a2a68d5962bc,103,3,ingresar
648052b5-8791-4aa7-b584-8a8d20b8a8cb,126,7,ingresar
1cdbe3fb-3a45-4fc4-8174-845686911bfc,124,14,ingresar
0d45cd1f-a7e9-4ea1-9504-3666c8f5f8e0,129,13,ingresar
38e773a2-87a2-4d2d-8afc-70088b2a3fe6,205,8,registrar
bed47fea-c461-4687-b334-17ced5b92cba,10,4,ingresar
a144427a-5658-490a-8da4-e291a9e545d7,8,50,registrar
2369d0d4-3948-4bd7-8682-d5f11d3fac67,8,22,registrar
24967db1-e084-4f42-887d-5c9f5c499043,94,60,registrar
e30a38f4-46d9-464d-930f-53f0a7762ee1,57,19,registrar
7f7a4fa2-6af7-4254-8df4-1417267751bd,2,68,registrar
5b382107-23d3-492d-bfa9-4ffe789480b2,2,92,registrar
d736a3a3-b995-4623-9a8a-383a8fd5a503,72,130,registrar
ca891aca-cf37-4e5b-b892-b2b70f7b5467,2,52,registrar
0118f634-43e0-467d-be29-289747d0c053,2,75,registrar
9c6d127a-a457-4274-9647-00b6ced795bf,1,2,ingresar
b7ffa8df-ca72-4d6b-b44e-f70d54439104,4,2,ingresar
00dd4dc1-b65d-4243-8c02-1cc26239135d,6,20,ingresar
f9ee4e47-278d-45c6-86ab-663fda4765ed,9,5,ingresar
dd96e56b-3bff-416e-a09d-a44ec3baa7c7,28,33,ingresar
0602401b-4ac5-4946-a044-12a5f62f399e,14,23,ingresar
b93e0836-0b30-4a66-b8c5-5b91ba79b595,1,10,ingresar
d9fc1f3b-6e3f-4b78-b097-04a050fa355b,13,2,ingresar
7d62f1d6-9da2-49f3-a405-fbc1408f11e6,2,17,registrar
bfc1b96c-06cd-4e43-bf2e-b61320b5d4c6,7,48,registrar
50cbe24c-3d46-47c2-a0d9-5a8a7b4ec7b7,10,58,registrar
90187bcd-b02e-44d5-9e7d-ef197cf2c4be,22,25,registrar
4fc9ad3b-e099-43be-b9fd-d0e47434d0c6,250,51,registrar
cf39b918-01a6-40e7-95e3-8e77dffed546,329,24,registrar
64b850bd-3e50-416a-83ee-b4985cf651ad,435,24,registrar
435099a6-5299-4509-8b24-e7c38146c562,9,12,ingresar
a8ddd84d-0742-4639-b486-1d1cb173f2ea,11,54,registrar
867be1d6-5194-4270-a2af-8e1616595e70,0,11,ingresar
ab5fccf5-9248-4e7a-a03e-3a1dbe301ae0,10,2,ingresar
09d9e06b-36b8-4f92-b2e5-589a4b5cffba,1,3,ingresar
937ea3fd-2453-4447-9d23-dd18549d04fe,2,50,registrar
c56c26ca-2cd8-4d31-b6b1-4552fc3fbcb9,5,6,ingresar
e4cdddfb-39f2-4407-b822-bb42f69bd478,14,6,ingresar
ba05135e-8dd3-4a6c-9283-f4e2531be59a,0,19,registrar
65acc34d-e68c-48bb-a44a-479cf505c0f0,1,38,registrar
81a6b56f-294a-46d1-8e11-dbd9c72c36fe,29,10,ingresar
35f7f88f-59bc-4966-a596-4fd4e6e1b6b9,1,40,registrar
751730a2-e87e-4262-99e1-a175473c86cf,1,3,ingresar
36376d2e-32c4-4207-8650-de5f5a76e815,4,2,ingresar
270fe331-ee36-4056-be38-1462b5cc6bcc,7,18,ingresar
9c0968e1-09ab-451b-860f-282bd75b462a,5,91,registrar
e20dde44-cb1c-4534-8fde-99f9e2f16c28,1,51,registrar
20fe8371-b718-4cea-8ccc-a660a33e0a56,47,21,ingresar
9b5ddb27-2832-4ed5-a530-0e7b765d2708,1,11,ingresar
240379b5-41be-4580-8c88-67d788d8dac8,20,10,ingresar
2879bc07-fad4-490f-8ebd-d932c55fe41c,1,4,ingresar
ad97e43b-0751-4c2f-9522-8dfed894dd04,14,107,registrar
edc54546-d915-49ae-9589-562e97aecb78,1,24,registrar
080bfc67-54f6-4ae2-9b73-c8903bbcc83b,1,2,ingresar
d2564cbd-dc11-4bdc-80c8-764f3f32422b,5,46,registrar
63a1b877-2ca4-4b69-94bf-721821c09b55,8,9,ingresar
15d1820e-0a0d-467f-8628-40ba4f8b0917,17,27,registrar
6fb3ad79-5539-4888-bc69-e958781975af,17,28,ingresar
291f6ef5-8777-4413-b8d3-1973ee42a9fb,6,82,registrar
09cfbff7-0aeb-49e7-b012-be8a98bd5cbb,31,2,ingresar
b6dc872a-4670-41ee-b947-f258f086e841,1,44,registrar
22f0d7f6-93c3-46e1-b0e5-aae23e577b18,32,6,ingresar
fa7fb2ab-ada4-4d5f-88c6-663f9e4fc6d8,1,20,ingresar
a8530e99-f0b6-4662-a72a-3711fe152723,48,3,ingresar
a6e088f9-d425-44d5-84a4-b74b925a6419,19,6,ingresar
fda66143-db2e-4287-a82c-1a61bfa3b436,26,4,ingresar
79fa60db-2f40-415a-9d0c-2a9ecb13bb90,51,12,ingresar
74dc933a-81f4-4b06-8a27-cb55e0b1a3e7,1,10,ingresar
5aaffe27-350c-4abe-a6f8-0dafb20c27ab,2,77,registrar
28913e1b-0891-4b04-8d55-d5d2291d9311,0,42,registrar
004c7908-abb5-4d86-806f-665f79954e09,9,11,ingresar
38d217f8-9f83-48a5-aa3a-94e0616affdf,57,8,ingresar
135e2737-37d8-40fa-bdff-1118748091e6,1,88,registrar
f3e04a0f-7869-42f8-8c1a-c04866b8a9d1,5,2,ingresar
4903fc41-08ba-46df-acb3-652913b4f294,32,14,ingresar
b13370a1-a34c-421a-8e15-a0e0f83c512e,90,111,registrar
0617cb97-35ed-41da-b59b-7c0ec7706306,33,2,ingresar
47b0d9da-ff8b-4c4a-b2d1-3726bd3c2ab4,74,8,ingresar
23f50539-898a-459e-9e9d-83bc9db02ee8,2,3,ingresar
4589b83f-f0a9-4ed3-ae65-beaf508b2bd8,0,2,ingresar
4842fd28-b7f1-42b7-8ee7-eb2eb531fb27,71,65,registrar
c58ac96c-c086-47f1-b056-c9394706803e,70,73,registrar
a2d8b81c-8f65-427b-9fb2-7828bc88a6e6,35,20,registrar
b47a2fbe-cdd7-46eb-b7e0-4bc0c87c2b46,10,2,ingresar
c730d19f-a271-48a7-b3d4-7f82f474f265,18,10,ingresar
dc9b0627-ce9b-4e4a-ac76-b7d5d83cdc66,1,37,registrar
dd2887fe-2c66-49d6-8218-ba2df3828ed3,14,1,ingresar
8e80f94e-4ffc-4a48-a35f-9ab0edeea990,39,25,ingresar
9b84fdc1-552e-49c3-acf7-1e839d644200,22,21,ingresar
c70ba96d-5bbc-4a8e-9a6a-ee8160174d1f,18,90,registrar
e18fe4b7-a434-497e-9538-db96223c6b09,1,2,ingresar
f8d56783-037c-4f39-af9d-496d578001e6,9,104,registrar
e9015991-67b4-4b46-b533-d34796166fe2,4,16,registrar
8e31f971-4e43-4835-aa50-ae81aca9b9a6,0,67,registrar
5dc53d3f-e6b0-4bd4-a155-a8549ecc33e2,23,2,ingresar
38b2d010-93af-4341-9fd3-5d6fa0611284,20,6,ingresar
49f8c21c-2129-493e-98e6-f896b8a2409d,27,3,ingresar
d6f96457-13c4-44b3-be14-411903c30681,30,5,ingresar
987c61dd-119b-4795-ae74-47738d56c597,30,11,ingresar
5fd7475a-6f3d-4ed8-98cf-4091a12f73fd,22,62,registrar
f488b9d0-f991-42f2-930c-dccd5e00f5e8,26,66,registrar
4de9ccbe-823c-4375-832a-d9a031934eed,2,13,ingresar
c6396351-584e-4eef-8b39-38b9241f4f65,7,258,registrar
b22cb57b-17a3-4cf0-9ceb-4b6546987dfb,25,343,registrar
4fa36c89-70f3-4f12-a846-46ceac9bc198,16,360,registrar
dd4b63d8-6de9-4b04-a490-e04c8e4111b9,2,174,registrar
e56b7740-8082-45ae-a7b8-88cffab513a8,9,116,registrar
64250d97-2d89-4d51-91da-3f2726fdd50d,164,32,registrar
8a583eff-d4df-4eba-b3f1-3902b1cd0b83,4,39,registrar
54978124-b22c-4a00-8654-5c50449d97cc,12,34,registrar
8742ce4e-bca2-4da5-94df-77639af6ff12,84,16,registrar
e3cad200-ed01-49b4-a3dc-fcdf3f849792,90,51,registrar
cb8fdbcf-2fd2-4d7d-85cd-f9f251721788,148,62,registrar
503a403d-e083-489b-949e-faf9746811a4,214,22,registrar
89ae4e71-a10f-4002-aeee-a85093550c3e,1,19,ingresar
e86a0f1a-d430-4bec-b9c8-caf690dac694,22,139,registrar
2f2aa58f-b53f-4cce-99d0-46976436d19c,5,2,ingresar
bc07dc1f-2fa2-465b-a32b-2aee99bde670,31,20,ingresar
ecffb75e-729a-4059-8e10-6dfa184eb875,0,160,registrar
5a26db67-e688-4629-b3b8-da9d964ad8e9,7,190,registrar
2a6bd792-0120-412d-92e7-349be02e4715,2,138,registrar
31271895-f9c0-4f5d-8a89-c841cfd0056c,1,129,registrar
0464d579-8b65-4140-aaa0-c3bd2cc0db54,1,97,registrar
5d04c867-1d8d-458c-b434-847b18ffd714,0,65,registrar
006adcb9-9ada-4e30-836d-0dfd83ed58e4,1,4,ingresar
7f5f293d-2819-4f21-bf60-0dbcaa410b92,68,60,registrar
435f9a57-c8ed-4292-a177-19e6e100a4f8,16,7,ingresar
fda7cbf3-03b5-493a-9dc9-c1d5a7b4d170,24,8,ingresar
5da810c3-90a2-4311-bb83-16db75e42eae,35,45,ingresar
edbe667e-bc10-4056-b99c-319f0da4c6c2,35,31,ingresar
9bc48ddf-2c42-4177-9c0d-4235fde55fd5,44,3,ingresar
31c284d0-50a4-49c0-be26-b97e21890e03,25,13,ingresar
de0b056b-a83c-415f-aacc-4e60dac00ece,27,14,ingresar
44476706-c94b-406b-8c55-f36b9c9d8edc,42,127,registrar
d72455b2-4b34-400d-92f2-e62d544964a5,113,49,ingresar
defc5b6b-337e-4bbd-ac34-e63ab4377cc0,1,106,registrar
380756df-ace2-4528-a82a-ac35d5ce7098,3,3,ingresar
3e1acc01-9335-4e84-bfc8-843b649c14d4,1,4,ingresar
b29a10bd-6527-4df8-b088-b1fc6f479972,95,245,registrar
8467d404-70c5-416f-98ed-4333669f56b4,28,4,ingresar
34fa683a-63b8-4144-b1b4-da1ff6038f4c,33,2,ingresar
09c81112-fabe-4beb-b648-bb503e514162,5,136,registrar
4a659001-75ca-4a7e-9bba-2685d1938e05,129,17,registrar
812b8ff7-5615-4ecb-a3ed-1d686fe85e0a,193,2,ingresar
c46fb437-e5c0-42c1-821e-8e05e2104c73,1,3,ingresar
55c487d9-7d8b-4484-912d-7fbf3b6dc222,43,15,ingresar
c9cbe5d6-8587-4872-9faf-6cc4413ce8d7,54,51,registrar
e605d946-295d-42ee-8dd2-892882b93cea,53,52,registrar
2cf8690e-847c-4b3b-9a9e-06ce2758b492,49,9,ingresar
e9f9a51a-d274-42b5-a4c1-d8f050ebf4ec,49,29,registrar
c58036fe-7452-4651-8f25-755b84cc9bbd,42,14,ingresar
f80799ed-0ae2-41f4-8666-5bbe8fb49378,1,26,registrar
04830e92-8f6d-49a3-9994-049a6668f938,29,15,registrar
d32e81e3-63d9-4c89-8064-a90399aae30c,1,76,registrar
3c72a95d-55cc-4649-a586-4ce985e91561,1,3,ingresar
974dbd76-b46e-47cb-85e9-b3afa9ccc320,29,141,registrar
f57ea27c-13fc-49d9-a9e7-ec2b4fe5e306,2,171,registrar
3202386e-da6c-498c-8744-9ae3f89cb72f,105,2,ingresar
3a5bc666-60cb-469d-80e0-f7e6299ec6cd,1,168,registrar
2f89ff56-5621-42cd-814e-44014239b431,17,3,ingresar
4ae12119-84ca-4e4d-970e-47a7e29290c4,1,3,ingresar
7f453cfd-c993-40f3-b5b0-bad702539d2c,4,193,registrar
c1c1f932-598c-485d-8da5-5169817a66e4,26,2,ingresar
e386f0d9-9c00-4d57-bdfd-77ccfd3d10a5,1,152,registrar
6ab05eec-213e-4e9c-a255-f665fcf85fb1,0,3,ingresar
d62c5602-c054-479e-a279-00da22eede96,3,12,ingresar
70ac14f8-d186-46ad-81cc-0d4a95cd5172,35,104,registrar
14201e23-f6c6-4b05-924d-d4b3fb1e1604,38,204,registrar
b3e1c4ff-fec5-459a-9d87-71e378bf1c6e,6,225,registrar
73211ce7-f508-4152-b409-152cae75e061,0,132,registrar
c0892f63-2b35-4062-9547-d7aa275a80cf,1,108,registrar
f7e698e4-39be-432e-9015-0c2fea478667,64,316,registrar
8f458b7c-ff45-444d-b394-89d80a16be7f,0,211,registrar
7812a675-27b9-4280-966a-ceaf148df5e4,2,5,ingresar
1027e152-0bfa-4dab-b48a-4ac92569df6b,4,4,ingresar
d08bb065-598e-47e5-b8cd-9a8ffced0c1b,56,190,registrar
290f6cec-8325-41ea-90ba-5833901d6afe,8,159,registrar
e3d1e8f8-3393-48d0-b035-64214a6ff781,4,3,ingresar
02d9faee-7f53-4be8-bc6b-ff0accf5de18,8,14,ingresar
b0bb56d7-3a8d-422c-ac2d-38401605009f,132,132,registrar
9daada58-ecd7-4078-8ce5-31cc3f85599a,1,173,registrar
0b15cda7-b523-477f-9cf0-fc3718865392,2,7,ingresar
413c4035-d91f-4f70-adc9-2a8cf759b030,6,177,registrar
3eb55e02-69ca-4213-b71d-4f6b5e102a5e,8,208,registrar
3d015ad5-266a-4c81-b710-6793cf390373,31,257,registrar
bdcb8f80-3133-4aab-b242-78d63842203b,6,311,registrar
dac43adf-b3be-424b-b0a3-6badc4f9f4c2,0,161,registrar
c26a672c-09d3-4005-90a2-41b70f78383f,27,143,registrar
9ba9d4e7-c615-437d-bfe1-69245c7f0192,1,142,registrar
cd3c779f-c168-4b47-b46f-83e6e9ee5602,1,82,registrar
25b521ac-86af-4001-90d0-b5f99ab2f7d9,0,3,ingresar
624762e7-284a-4461-b0e7-a0baddef7bde,4,2,ingresar
dd0abc2d-8c6f-4bd1-81eb-9f9d94e1e3aa,7,281,registrar
7e1af61d-1622-41a6-a150-bb99ef35de8e,20,272,registrar
94c57b29-3cfc-40de-979b-e1f979988fc0,1,239,registrar
70079ab2-271a-41fb-9758-9f374cf85710,3,94,registrar
2b8e3c42-8771-4bed-9b2a-8dd2028a8ac5,102,9,ingresar
2e4a7f14-e302-44d6-890f-7dbf61b5fbdc,98,15,ingresar
0bb033b9-7c56-4842-9497-cb2fa6a4e742,106,16,ingresar
095c100c-6230-4312-8763-17b3d564d602,112,19,ingresar
1d367755-6188-44a5-a652-68e931f40dda,131,15,ingresar
f3e9a240-c26a-4995-9839-432a0d22c2cb,0,212,registrar
068112c4-6c36-4a26-809f-5f871618f4c0,116,178,registrar
8b4201d4-18b4-4fdf-b86f-d0721186e0db,148,149,registrar
5d22449a-e0ff-48c4-a121-6c086a713e90,43,2,ingresar
db9e4e5a-00bb-44e3-b9f9-eb7c0157d66c,74,16,ingresar
9e037d0f-777c-4fe0-919d-92751d5256f7,108,9,ingresar
349e6743-ab64-47b5-9906-993cdabdc985,1,3,ingresar
19ef2698-5f19-4e56-8818-bfceb2c969a2,1,21,registrar
230d9111-9609-4bd1-b1bf-46d568a63ff3,91,17,ingresar
0b296458-3ab6-4284-b502-fffb076e9ed4,130,45,registrar
00031f9b-c75c-4348-b0ad-a1afdaa954c3,21,75,registrar
0d1168ab-97ed-4b5d-bad2-ad3095ed606e,1,2,ingresar
3edd3810-5217-4fb2-a583-3acad2bb532c,21,249,registrar
468de723-63c1-43f3-8232-612bb6741ee7,9,165,registrar
25f43672-9296-4bf2-b820-22fe9ea558a8,3,158,registrar
758b31f7-661f-4116-b8fe-e2ebabdbe627,13,22,registrar
c8ca1211-8bf1-4f29-af23-023a0c016f98,15,92,registrar
537aad19-7fb2-49dc-98e4-7b826cdbbc73,1,60,registrar
af039919-1fe1-457f-8a0d-6cc618a0e508,34,2,ingresar
99726f62-36ac-4297-9c73-5ce84edc19a6,29,9,ingresar
838330b1-5424-496c-aac6-42b5586a5970,0,3,ingresar
9c34564e-486d-4ed6-aaaf-de186491a325,7,5,ingresar
a29c8ced-a7c3-4c65-a3c7-cdbc8415cd6d,40,51,registrar
83fa8fdd-b523-445a-a81d-c3255196e9ab,16,5,ingresar
3cb1d0c3-beb1-40d7-83df-d10c1c896afa,14,28,registrar
cd53ed1f-5dbe-4909-b0aa-8341fbe6bb08,1,6,ingresar
ef735c59-2f40-40b2-8ee8-119e551684d7,2,18,registrar
630d2cae-2706-42be-8699-0bcbda80ce27,2,3,ingresar
8d69318b-42bd-4041-9f60-374599def128,23,84,registrar
600da6ee-787e-4593-9862-29f5106fd036,1,77,registrar
17da730b-10e2-4532-b63d-b12dd8073c8c,8,54,registrar
75540495-cbf4-4878-ac3a-82d2e2ea6aaf,98,47,registrar
613fef6f-b32a-4407-aacb-2817be13c3c3,4,211,registrar
3dae4ad8-8e36-407a-a1e6-64ebfa22f516,8,146,registrar
aa70bcac-018d-44ad-9e94-ed69d22e40bb,2,122,registrar
9025f9a0-4a82-4b12-b51c-b0db84ef8a7d,1,202,registrar
e819810f-0ad3-42a8-b940-905d6a2e3214,17,2,ingresar
81b32355-178c-481b-9d69-f6fa6b99d7fb,21,14,ingresar
d561b202-92cf-4267-9c6c-2d810e0a61c6,28,24,ingresar
1d662b3f-8074-43cc-886f-51ce363f6a45,64,2,ingresar
916ebb80-a809-4f16-be6e-e089023404dd,28,165,registrar
36db47b9-c035-4828-bbc3-ed8b923f84e0,121,100,registrar
a2f7644f-45a2-4a3e-be5f-d79b8e610373,119,104,registrar
92a64865-b79e-4b11-b01e-07fd6e0e64b6,2,1,ingresar
3f5a9b56-0198-4f83-8a28-8ebd3283d269,28,13,ingresar
85a14410-fdd9-4bc9-9c45-ef9af563d4ca,10,79,registrar
c82128f3-887a-4bab-b6eb-00e5c8464fc7,81,79,registrar
d0cf0de5-e0b6-4edf-afd6-ca2940ef84ea,77,195,registrar
cb95f931-7433-4675-b89e-4f6048b0927e,11,122,registrar
fb02d1ab-f46a-4ff1-97d1-a2fd014b9a62,76,8,ingresar
c34a406a-72f7-48f1-a00d-64f0841af651,1,103,registrar
e40c05e6-6abb-49de-9634-582d41fc130b,9,154,registrar
58af8ee2-46e9-4382-839e-eeecd6a1c5f8,48,117,registrar
537e8e2c-697d-4b54-abed-e8f84523bcd2,176,7,ingresar
66dbe213-5588-4539-b063-4572a9f06a4b,191,2,ingresar
180210ae-aace-4281-83a1-43495b6b3249,196,11,ingresar
f2bd3633-6e5a-471f-9a8c-6b14b7220c4d,267,8,ingresar
6ac6904d-bf1a-4636-ad0f-60d52d9a7ea1,291,8,ingresar
d754377d-5d21-4a24-bf6d-e52560c3426c,1,4,ingresar
b02838b1-ed67-4dd2-9bb6-a56b56f3b4ea,17,24,ingresar
217f4c45-37f9-44ba-88a1-a6ed19aef306,74,76,registrar
373d73d5-ac29-4c2d-9bb7-70e115f6e917,152,6,ingresar
81651578-22d3-46ad-8b0a-73440d03a6e4,50,11,ingresar
fc407fdf-eb1e-483e-9449-87d377e11cd2,114,131,registrar
24c964c9-cb98-47c5-9cc3-e2fdd544ce0e,45,2,ingresar
3521570e-de1b-4321-9fc3-3e03b9beb00c,32,25,ingresar
f75fd007-884b-4004-9461-c89379d405ac,28,6,ingresar
410e7eb2-bb64-4e41-a693-9a40433a72b3,0,4,ingresar
3b0389ef-97d1-45b9-a607-3c8a23d8fc21,77,152,registrar
52cf3340-4b0f-4d51-81bc-3a7427b13038,24,76,registrar
62b9d0a0-09d5-42a8-965c-b845269b21e7,114,7,ingresar
55e96f97-0d60-4daf-b813-95d229540f16,114,10,ingresar
7ded7d08-fee0-48b1-9db6-aac37cd17475,133,33,ingresar
edd5072a-9578-4f2c-b8d1-48d3cf30acdb,213,10,ingresar
aa42a954-a8eb-463b-9e31-492a65995de3,224,4,ingresar
ba9eb8c1-e531-4471-8cbd-4809e538b2df,107,141,registrar
44b2335b-e57c-41e4-8f39-db3cdfcfbd00,1,2,ingresar
daabb18c-867b-4633-bebf-6f54228373e6,1,3,ingresar
5faa3b12-8bf7-4972-b40b-dbfd85a7343e,44,283,registrar
b37082b8-6cf7-482e-8557-9493304735bd,83,357,registrar
8f302713-f3ab-4f49-aa97-76e83bb1fe60,135,312,registrar
e114f283-575b-4081-84dd-9c4794f2102f,0,13,ingresar
3e9a8e06-ab3b-4c9e-b3d8-ac117c6bbd85,47,232,registrar
3f1dce41-0b07-48d1-94b4-6313b4866487,1,5,ingresar
75e482e4-34ba-49b0-a95c-8988bd366cb8,55,59,ingresar
56af0a3e-cd47-41f8-90a0-eec021750821,18,260,registrar
11eb40de-3abd-4b6b-9e7f-708854973da3,2,104,registrar
7f061cd6-b0c6-4708-91dd-076db982f233,55,119,registrar
5aef36c7-754b-4b31-8915-59dda1099409,1,4,ingresar
e1bb8138-5072-425e-b952-d82653122fe3,1,111,registrar
51a31372-ade9-4dbd-9f65-46bd6725cc66,1,11,ingresar
85fd0ce5-a5ad-43a5-823b-7ee49c95ca4a,2,45,registrar
07789b87-e126-44cb-bd9c-9e4f4f6ab343,2,279,registrar
919299e3-46f8-4ec1-b25e-ff69f40a0a45,48,121,registrar
8ed60e51-eae0-473b-8004-63e31831022f,14,190,registrar
47e8f4e7-cf0a-4e99-98d2-6ab47a13e610,4,5,ingresar
91d71f49-60a6-4579-aa59-f8071f1c4796,43,261,registrar
8ad224a4-a11a-4e82-9dd5-8a97c2f37187,48,18,ingresar
a062de48-14c2-4395-8474-7f2e8cd81b0c,66,47,ingresar
6d852c79-0f7f-4264-97b8-7d1de7efdd0b,114,54,registrar
9f48ee03-6368-4fc6-93c8-5754678d6830,5,84,registrar
94bc5507-f69a-4f72-95af-ac366961ed06,14,103,registrar
685d965d-2559-4e27-a951-9c8efeb5b9ec,0,144,registrar
0d3d7fb3-ffff-4be6-8045-38e5eb374d5b,2,245,registrar
cff65e05-7ded-4e7c-ac59-9919b55beca0,1,284,registrar
53afd077-9604-4ab7-8ba7-559ef1c7507a,38,208,registrar
fd375b49-13cd-460a-9bc9-53c899849626,1,320,registrar
3ceee30e-5a83-4d98-a717-e15272028c03,6,9,ingresar
cd78b551-0bb2-4a7f-8e3a-ac0ae56f014c,16,10,ingresar
71d0e991-6cfa-4dfe-b73a-f724dbae2778,4,5,ingresar
b005155d-2296-4543-ab27-720f2b82eefd,39,25,ingresar
0fcfde1f-3840-4858-8fe9-59664b6d65aa,10,31,ingresar
31ee9cd8-9921-45ae-85f1-f04635cac40e,7,468,registrar
57aad48f-0a7d-4aeb-ade5-212ffc8b55f3,241,194,registrar
38d45965-445b-4f39-af64-f34f836e49b5,68,15,ingresar
50d633e1-97c1-4f5c-94ba-bcd546a46a4c,65,21,ingresar
223e5928-59f6-46e8-a401-00f89c8dab6b,84,18,ingresar
3af90c98-e6ea-4cf2-9021-bbff4dd5e847,171,343,registrar
bd79eecd-6eb8-4041-8fcb-75a3cd4e3bcb,1,11,ingresar
040d9474-3b95-4055-a4c6-bd387d68920f,43,178,registrar
2609e151-50f6-49a4-ae5b-3b54d440ea86,53,15,ingresar
91f9e2bc-ac5a-43f8-be4e-479cf0082ab8,1,4,ingresar
9996a2a2-12a0-4ad4-8c67-499438323d33,4,228,registrar
032e4e4d-dd30-4ef8-a526-db57a0582a5d,5,156,registrar
0b27f3f4-d270-42d3-99fa-424fc4ffa447,2,32,ingresar
3961b16e-87c6-4303-be64-0c25a4f32015,9,105,registrar
29144c9f-e208-448a-a037-cce34ca2c6a5,35,11,ingresar
9467fe6c-fb97-4b45-85a7-ad5258b11361,47,49,ingresar
d2ec885f-d198-4f9f-89da-4361cc531807,4,10,ingresar
a3dcf66c-e2de-4481-aa83-0caac2d49b36,1,299,registrar
6935ef69-56f5-40b7-ade9-b50603ab5ee1,40,483,registrar
a8f3dbdd-3acb-45e1-9a72-e915ce8ba863,1,249,registrar
d69b3653-4f40-4a90-b477-b9945e0059fb,1,282,registrar
c710b4fd-dbdb-418f-864c-428d294d9a9f,29,7,ingresar
09ce0512-69f3-4fa9-b5d2-bb9eab607ddc,37,41,registrar
cfdd766d-0851-442e-a3e9-ad4c476b2363,16,23,ingresar
1363ccbf-607b-44b7-8a6f-04f43eb7286b,2,10,ingresar
0a10881a-6443-49b3-be1c-58f60f94983a,1,186,registrar
b8415108-9e38-4a0d-a735-bdaf707c12fb,2,5,ingresar
b7f3b8d8-1e50-4dea-a9d0-85a77e33484a,8,13,ingresar
823b9bc0-79ee-48fa-bc59-fc294d3b7ac6,37,30,ingresar
27c87bd5-c89b-4e30-b074-579611662942,23,19,ingresar
dc892241-9c5c-49a7-8b69-3c2b05639755,15,28,ingresar
f66e63b9-d826-4b7c-ac51-df91f19b7cf8,2,41,registrar
a3c9f237-a11d-48af-81bd-048c664c521e,50,9,ingresar
2319119f-c12f-4ace-8efc-95ee7fcb74e2,2,403,registrar
8eaaff77-88b7-4f83-8dec-854e54b2f1ca,2,6,ingresar
6bb8773a-1e9b-4cdd-985e-ab1e2a0e60c3,10,313,registrar
e2cea65a-6182-481c-8e3b-b92e4ce7512f,60,524,registrar
2675d5ef-2807-4c58-a55c-7fe574e0cd82,0,5,ingresar
a932c774-bf4e-4e90-ae6c-402c45521263,2,371,registrar
3b5bddb4-b79d-4617-93f3-d938ba8e2c1d,2,64,registrar
2d70deb4-cbcd-48aa-99ea-b9a289e26c2e,0,393,registrar
6f378ec5-96be-4282-9011-b5e3f2dc202f,8,15,ingresar
b1bc80b2-158c-4ab1-a894-a4fbc884879b,6,326,registrar
9f4c2485-42bd-4906-b6e0-7598fc8af7cf,1,250,registrar
b03989e4-af7a-491e-a4bd-729154d82356,0,488,registrar
5aa79c10-47f6-4a02-b10d-785ca980186a,135,15,ingresar
8050a151-c002-48d7-93ec-d8ccf8af41e4,108,446,registrar
1c89d0cc-1116-481d-9ed2-cba562ddeee6,1,3,ingresar
c7f90d11-0c9d-4ef1-91bd-6902eca4776b,130,276,registrar
6d6a90d2-fe6f-417a-9788-f55c882bff50,3,405,registrar
93449598-b07c-4cb4-8139-c0e224012a6b,2,3,ingresar
48e53482-322c-42f6-9741-466aedf27af4,1,2,ingresar
2cab7b2c-2573-4bb5-97a2-b04fad943288,4,100,registrar
486d599a-e423-4648-ab0f-f536617fb899,47,750,registrar
293864d2-9c58-410a-aa26-e4000c803087,8,241,registrar
76f3f625-d659-43a2-a547-453b4c7a780b,4,206,registrar
fba90baf-9fe0-47b8-9c80-9dae5881b503,13,40,registrar
d03d7999-142d-4fd2-8030-fc3b57836189,1,2,ingresar
0e5e4a76-b92c-47b3-9a1e-bd23a6ac98c2,0,355,registrar
a8936d99-ac0d-465b-be40-47fe5fedc952,0,213,registrar
14f17cbc-a82c-4f89-85ac-19031655d68f,1,2,ingresar
dec83279-36ff-4792-9430-692f10e4a08b,8,17,ingresar
a176a6e5-4e8f-4404-bda7-2ec22a6067a3,79,21,ingresar
03c1317d-3eba-45cd-9ab4-8dccb9d56281,24,21,ingresar
997d0f47-f3c5-4236-b770-ba08f8ccc29a,2,2,ingresar
5dd01c0e-f29d-4b4e-bebd-d86149261085,14,610,registrar
d2efb413-b8b8-4402-97d3-07d2e4998045,6,591,registrar
59538ef7-89e2-46cd-a835-428225c9c2da,101,655,registrar
180f1de3-f92d-4153-94cf-b4b956d57b92,2,280,registrar
791df07a-aafb-4887-a359-db6a99dea4be,1,594,registrar
2d8b0d18-2c90-4a6f-86ad-9fe911e753f0,1,164,registrar
42b4d210-a939-46f3-93ac-c0e5891ef3e7,239,360,registrar
ed4d5b99-1e00-45f9-86da-e2649745fe5a,2,213,registrar
abc0b215-88ef-434d-b328-6e11cf909e0e,168,31,ingresar
d57ee072-7c6f-4593-80fc-00ed78f6775a,2,565,registrar
1c824b47-8ef1-48bd-95b3-b5d43e59173a,164,332,registrar
959be9e1-6402-477a-b10f-8fa1a950a2a2,151,5,ingresar
0dfe7193-95fa-42fd-91c1-6eb4505bd033,154,5,ingresar
04b9f8b6-0ec4-459e-b315-6de720cf825d,156,4,ingresar
30da6da1-6b0d-4c9c-8ef6-e36d83f37a17,160,5,ingresar
2c3e070b-e227-4a93-af98-7917d4e74e11,166,6,ingresar
e9913fd3-c661-4c3a-95b4-ff5648ec7750,173,6,ingresar
4d0e4a44-8182-46fe-a039-786885c63357,0,195,registrar
3ebe7b23-5ab8-41e6-a162-e92c25b63594,165,377,registrar
bd2ebbf3-536e-48c0-aa53-37dcbf0b4b0c,199,383,registrar
5d75d16b-80d2-4c27-b6ba-6411472e9e00,167,82,registrar
e87865cf-9c96-4e3d-af7d-1354e0efc064,255,44,ingresar
99faaf3c-c79d-476e-86be-f259792f61a8,1,3,ingresar
ec3a1802-7f04-4027-b1b7-f1611e5ede00,4,7,ingresar
0bff13fe-d3f9-46b7-a1b6-2b81e6f1e357,0,7,ingresar
028d8168-7f11-44c4-bc5d-01ce4e8ae3ac,1,88,registrar
5d9fa1bd-324e-4eeb-a6ff-6d5e27b8e901,2,5,ingresar
4c10ab24-90f8-4694-beb2-abb6fb42ab20,8,5,ingresar
51a5ff99-7af9-48a1-82ab-6d0de9de8c54,1,3,ingresar
bf5eb65b-9f40-4314-8de1-d5495576c31f,14,14,ingresar
01addc31-ce0a-4e5b-ab32-8c7f9db5338e,5,4,ingresar
869ae9a4-ea99-49ef-a9e9-c28e3145efce,11,4,ingresar
751bfc3e-6843-47c0-940c-404835cbf375,10,6,ingresar
9490999c-8620-4fe5-91fc-ef0ea909f7fe,1,41,ingresar
60c04af3-1cf0-47ae-b4d2-1c8f1513a0da,1,3,ingresar
740373da-9449-4a2e-bebe-760e8bf5b4bc,17,73,ingresar
a9ec4403-ac68-4b35-963d-c5e34dd6d64a,1,4,ingresar
afe769c2-f218-4224-a1c0-ec65e16347fd,2,191,registrar
17421658-dbf9-43b5-a864-8d175858eb9a,19,328,registrar
d1dfa105-b2ec-49ab-996d-1c0a4c375bd2,20,5,ingresar
8b586bf0-1266-44a6-9c7b-72ac85b7ee84,13,187,registrar
dc26369c-3979-474b-a525-b950732b5146,21,5,ingresar
efa5ff68-31ce-46d3-b8f8-5c40cda784e3,22,170,registrar
5b97380e-41e1-438c-bda9-9139f81ec0fa,6,136,registrar
e5ced2da-8472-415c-b996-bc7699a9ffdb,10,375,registrar
fa92d3db-b937-4ce2-b81b-b1789d255771,1,448,registrar
7a6a0417-72e9-47e5-97ac-682f02f19031,79,281,registrar
8a8d5b88-5ad3-4ec7-9618-97cb698d33e0,38,232,registrar
1ccf109d-600c-4a78-9e8e-4cc29f5aa4fa,1,237,registrar
3da8b0fa-0cb3-4c9e-bc92-8a253fc98d70,75,311,registrar
e0e43910-ee8b-4125-864b-fb3d68f250bd,143,146,registrar
b2ae16ca-30e6-448f-be9a-85aba2790e2a,1,159,registrar
85dd285b-db71-411d-b20c-686e1fea7b6e,1,2,ingresar
34ab946e-cd6a-4984-9f71-29b3bfcd3a34,119,5,ingresar
2bad7484-19a1-4972-8735-918d4ff49302,5,5,ingresar
9a370772-6374-4175-8e67-433b137cfbe6,6,7,ingresar
1709bd2c-1704-4bd5-8b08-f9285ae1aa3e,3,157,registrar
4b2a6efe-b5a0-4be2-ba59-4d8dfbcd7bdb,58,105,registrar
77ebf32a-c80c-47d5-bdb0-4406fe550d2e,17,139,registrar
879958e5-2b06-49e8-870e-5d1001af1db8,1,163,registrar
253c4a91-8e3b-4deb-b98d-c38c2eaee32c,51,31,ingresar
de0879a5-0616-4fbf-bbf5-373fa8ebd5a3,0,101,registrar
32d3ca57-2b20-4a86-9abc-d87e0ba327fb,88,30,ingresar
2d8a2b96-7686-4544-9f2e-7531767565f3,1,7,ingresar
1af052d3-6000-4200-b826-7380a732a2ff,2,20,ingresar
aca5a4a7-387a-40ff-9baf-6ebb8ca903d0,1,270,registrar
3d1a4193-2d6e-41cf-9c19-d30e8d3f6281,274,24,ingresar
c0f08335-0800-41ab-b6f8-9d5a3959193c,9,463,registrar
2d5f9c89-9deb-4eac-a3ed-f52f298b9efa,2,409,registrar
fde24e3f-a007-49a2-a74b-0b8ab1f825af,1,516,registrar
72be8dbb-c0cc-413b-be9e-84da6b148f41,338,22,ingresar
43bb3df4-3ce8-41a7-9efc-ab796e29cf59,337,20,ingresar
bcab38bf-1eb9-44bd-a112-baf3594102de,24,345,registrar
3cdfe559-c7f1-4037-b618-39b9ab7234f8,353,88,registrar
1ff6eba2-c423-4063-8ea3-8264d52577ff,7,15,ingresar
cd222ecd-31f3-44a5-a7af-d4760e4a5f79,26,2,ingresar
dd143462-fc53-4819-b69e-c94aa95fbcee,2,5,ingresar
c6094a73-b0b4-4da9-98d3-12b2ab39b5b9,23,168,registrar
8433174e-7e98-4d94-84eb-7bbb27f920d0,34,41,ingresar
f9768bda-6d4d-4fc9-bfa4-dad1453ab940,2,3,ingresar
e6f2bfc9-f70e-43c0-88aa-0c9ef98c0120,2,203,registrar
6370dd79-ec22-4af2-aa2f-0c08fc3ab6c6,3,6,ingresar
41642151-f437-4a2e-92c2-490152f1deca,10,2,ingresar
fb893fe3-f93e-4e6a-8787-05a991e56949,0,376,registrar
ab67f68e-bcdb-4727-b5e4-210e69d86bb6,30,17,ingresar
1fb6eacb-bcff-41b8-8f2d-c7e3fc359d28,5,358,registrar
cc232f46-2b90-4cbd-a524-6545e66222d7,1,278,registrar
9b829296-2833-4ca1-a0aa-97bbea8cd332,3,9,ingresar
c83d1fb0-4734-4e03-885b-263c7b7ae017,17,3,ingresar
4fb5a133-2e12-4ff8-91b0-ef7107bccf03,21,3,ingresar
7cb52ff3-faed-49ab-be88-0180b68f080a,7,187,registrar
c38aae83-6f21-4f5e-8cb1-759f5a4531bd,4,3,ingresar
a89f792f-491b-4a6e-aaa1-b22114a2e7f1,1,4,ingresar
152f5205-5e7d-4066-8242-6d19148f2d48,0,6,ingresar
286e77e5-c77c-4eb9-a54e-fe75320125be,1,6,ingresar
7d88c00e-5395-43db-bcb7-29226f60c1f3,2,12,ingresar
ec12a4d8-1b8b-4487-9795-aa025b20b37e,23,18,ingresar
9a6efbdb-f953-490f-9504-97c4fd07fea1,6,13,ingresar
65b4318b-5eb9-4a40-b8c8-c2c6ac9345c0,21,7,ingresar
dc50333b-0539-4938-a4fb-b73bc7fb0043,22,7,ingresar
3deb35c0-f8ec-49a0-a1e0-1efeef5ad686,32,6,ingresar
4e5ab861-5672-4b97-958b-111fab6bb214,32,7,ingresar
8f148260-b9d4-4342-9392-38058002826b,58,6,ingresar
99553c10-f8e4-4ca6-9728-af9ce95cbb5b,9,3,ingresar
1e5bd8ad-0ad6-40db-b0e2-2d4cbae81349,44,162,registrar
0566af2f-6a67-4bb7-8426-4b8053393562,80,198,registrar
a1ed2715-a98d-410d-a017-a71238244e73,48,38,ingresar
3d85b2ce-d10d-45bb-9e75-22788304e483,87,32,ingresar
efaecddb-7017-4745-a928-7e9f82b8846f,86,56,ingresar
297451a2-a061-472b-a153-128384e4506e,122,94,ingresar
aef6203e-e872-4868-9e43-0442dec5c4d1,196,25,ingresar
d58aec65-9247-420a-8292-c48386ebfd8f,3,3,ingresar
6c36bd32-2972-4b2a-9606-5b8086c3b281,8,3,ingresar
bdc4d567-e49d-4c1f-929f-74098e771ab8,223,64,ingresar
1d01f647-173b-47ae-ba1d-7acaa4ed9727,1,3,ingresar
75a0fce8-fbaa-4664-8ab0-06857e8d23fe,22,23,ingresar
a68b76dd-6f41-4235-aa08-d4831b53c0ca,6,15,ingresar
89f501a6-d719-4903-bb01-0ac07ecad43b,22,17,ingresar
048fd67d-0981-4299-864c-94f3b6ce2791,13,11,ingresar
b943e184-528a-42a3-9a53-406af14524a7,16,5,ingresar
05dc8a61-550b-42d8-bff4-595b641ec771,1,2,ingresar
e481b6c4-f52b-4479-991a-2fed6604852c,25,4,ingresar
bc2cf95c-a134-4274-8476-f69b689ef5d5,36,2,ingresar
35e929b9-e506-44ed-a854-85e039ff8ece,41,5,ingresar
fba26ff3-b086-4442-8689-c30b772728ce,56,13,ingresar
53480f57-44eb-427a-b454-04ac8da9440c,1,7,ingresar
05eed679-2904-40e4-b155-25df69295a58,1,5,ingresar
ff915445-55f0-4910-b977-e382f54695e3,1,5,ingresar
e43c18e2-e1e2-45ca-9a19-54ff85e1d058,1,5,ingresar
d1c04d6a-0831-47f8-af3a-456c89aee5b8,82,5,ingresar
20b08536-6b8b-4df7-bb67-5d49e2975cc3,146,19,ingresar
5bcc07c3-3559-4b07-b076-4ee18c0855a1,0,2,ingresar
3fdd3707-142a-4ad7-a7da-b610cf7f0074,1,12,ingresar
1cc30e9f-0737-4fa5-83f9-b279da86fd42,1,4,ingresar
48d6cd03-7a59-422c-ace1-8a612128c6d8,1,3,ingresar
94613a67-d97c-492f-b664-b3672eb548a7,2,1,ingresar
